t;force_n;position_mm
12946.031889074;14.617329739217894;0.0
12946.033889074;0.0;0.02002002002002002
12946.035889074;3.1287480772798855;0.04004004004004004
12946.037889074;44.89230489479465;0.06006006006006006
12946.039889074;57.90033911122685;0.08008008008008008
12946.041889074;47.60966988285355;0.1001001001001001
12946.043889074;59.24764298664554;0.12012012012012012
12946.045889074;34.363496000326805;0.14014014014014015
12946.047889074;68.88502549815979;0.16016016016016016
12946.049889074;64.2483029991599;0.18018018018018017
12946.051889074;98.79449493276428;0.2002002002002002
12946.053889074;74.5960880820878;0.22022022022022023
12946.055889074;90.87578005062943;0.24024024024024024
12946.057889074;96.85152867389513;0.2602602602602603
12946.059889074;105.9332022064194;0.2802802802802803
12946.061889074;76.21255536203644;0.3003003003003003
12946.063889074;104.38824027224916;0.3203203203203203
12946.065889074;134.6554460114836;0.34034034034034033
12946.067889074;123.24435508469935;0.36036036036036034
12946.069889074;124.08235477729595;0.38038038038038036
12946.071889074;98.12444790919464;0.4004004004004004
12946.073889074;135.26746240190596;0.42042042042042044
12946.075889074;140.24297892488005;0.44044044044044045
12946.077889074;114.29697652017816;0.46046046046046046
12946.079889074;114.00810158571996;0.4804804804804805
12946.081889074;83.20869371737813;0.5005005005005005
12946.083889074;137.94383429411886;0.5205205205205206
12946.085889074;116.10691192212558;0.5405405405405406
12946.087889074;89.56276191071349;0.5605605605605606
12946.089889074;97.19425812813563;0.5805805805805806
12946.091889074;99.0418817616822;0.6006006006006006
12946.093889074;125.13174204243137;0.6206206206206206
12946.095889074;103.03988210323608;0.6406406406406406
12946.097889074;119.47883547339816;0.6606606606606606
12946.099889074;81.32119016239545;0.6806806806806807
12946.101889074;106.80190325448507;0.7007007007007007
12946.103889074;89.02307691389676;0.7207207207207207
12946.105889074;96.94769860604923;0.7407407407407407
12946.107889074;66.46393203931908;0.7607607607607607
12946.109889074;92.37055640932874;0.7807807807807807
12946.111889074;63.663067368431804;0.8008008008008008
12946.113889074;71.69672603990303;0.8208208208208209
12946.115889074;37.42421601721165;0.8408408408408409
12946.117889074;50.23755808564157;0.8608608608608609
12946.119889074;19.743135037314673;0.8808808808808809
12946.121889074;50.924626350688534;0.9009009009009009
12946.123889074;30.862343980500235;0.9209209209209209
12946.125889074;53.779050479297425;0.9409409409409409
12946.127889074;8.100230676169325;0.960960960960961
12946.129889074;23.15714848811983;0.980980980980981
12946.131889074;0.0;1.001001001001001
12946.133889074;13.53508456162843;1.021021021021021
12946.135889074;29.649528581108456;1.0410410410410411
12946.137889074;29.041909772390234;1.0610610610610611
12946.139889074;11.976913130327205;1.0810810810810811
12946.141889074;0.0;1.1011011011011012
12946.143889074;0.0;1.1211211211211212
12946.145889074;0.0;1.1411411411411412
12946.147889074;6.175134672175801;1.1611611611611612
12946.149889074;0.0;1.1811811811811812
12946.151889074;0.0;1.2012012012012012
12946.153889074;13.369485419828862;1.2212212212212212
12946.155889074;0.0;1.2412412412412412
12946.157889074;0.0;1.2612612612612613
12946.159889074;2.0276377632871885;1.2812812812812813
12946.161889074;0.0;1.3013013013013013
12946.163889074;0.0;1.3213213213213213
12946.165889074;0.0;1.3413413413413413
12946.167889074;0.0;1.3613613613613613
12946.169889074;0.0;1.3813813813813813
12946.171889074;0.0;1.4014014014014013
12946.173889074;0.0;1.4214214214214214
12946.175889074;0.0;1.4414414414414414
12946.177889074;8.19221750130653;1.4614614614614614
12946.179889074;0.0;1.4814814814814814
12946.181889074;0.0;1.5015015015015014
12946.183889074;0.0;1.5215215215215214
12946.185889074;16.553989074566573;1.5415415415415414
12946.187889074;44.01166594092716;1.5615615615615615
12946.189889074;66.05818144566237;1.5815815815815817
12946.191889074;42.66486530870685;1.6016016016016017
12946.193889074;43.01800446063818;1.6216216216216217
12946.195889074;64.94666496369197;1.6416416416416417
12946.197889074;81.78008829524411;1.6616616616616617
12946.199889074;64.84056962832129;1.6816816816816818
12946.201889074;101.76521381356373;1.7017017017017018
12946.203889074;103.63467752431755;1.7217217217217218
12946.205889074;111.78351678496188;1.7417417417417418
12946.207889074;101.35142645849493;1.7617617617617618
12946.209889074;88.59100010102391;1.7817817817817818
12946.211889074;87.85466151266444;1.8018018018018018
12946.213889074;156.83930274614983;1.8218218218218218
12946.215889074;118.7097081367549;1.8418418418418419
12946.217889074;132.29277310837625;1.8618618618618619
12946.219889074;125.60534475303746;1.8818818818818819
12946.221889074;182.89318167155645;1.901901901901902
12946.223889073999;134.4162723190333;1.921921921921922
12946.225889074;138.77087549117778;1.941941941941942
12946.227889074;188.81871947154096;1.961961961961962
12946.229889074;153.4807216397221;1.981981981981982
12946.231889074;173.50824713904933;2.002002002002002
12946.233889074;185.08736743942052;2.022022022022022
12946.235889074;168.54677844546234;2.042042042042042
12946.237889074;145.64268948331468;2.062062062062062
12946.239889074;183.4714057995559;2.0820820820820822
12946.241889074;155.99589047033305;2.1021021021021022
12946.243889074;170.70033986226827;2.1221221221221223
12946.245889074;187.82830037251244;2.1421421421421423
12946.247889074;197.47151264583704;2.1621621621621623
12946.249889074;190.2201470323779;2.1821821821821823
12946.251889074;196.1035672052734;2.2022022022022023
12946.253889074;156.35319606752154;2.2222222222222223
12946.255889074;200.22589215245307;2.2422422422422423
12946.257889074;160.52995720987616;2.2622622622622623
12946.259889074;174.71015493572162;2.2822822822822824
12946.261889074;128.4689366317122;2.3023023023023024
12946.263889074;188.91404227994326;2.3223223223223224
12946.265889074;176.12821552706532;2.3423423423423424
12946.267889074;146.3382413097539;2.3623623623623624
12946.269889074;152.23876486850486;2.3823823823823824
12946.271889074;178.77996049066593;2.4024024024024024
12946.273889074;195.6845956873333;2.4224224224224224
12946.275889074;135.987982721627;2.4424424424424425
12946.277889074;150.2293330690013;2.4624624624624625
12946.279889074;152.81654040042736;2.4824824824824825
12946.281889074;151.83951958995215;2.5025025025025025
12946.283889074;105.14864170894204;2.5225225225225225
12946.285889074;136.87911984005913;2.5425425425425425
12946.287889074;84.16668503657887;2.5625625625625625
12946.289889074;98.10119641344899;2.5825825825825826
12946.291889074;90.18573421296466;2.6026026026026026
12946.293889074;84.2643334156985;2.6226226226226226
12946.295889074;66.43578599890961;2.6426426426426426
12946.297889074;104.97773016417551;2.6626626626626626
12946.299889074;51.969664862808465;2.6826826826826826
12946.301889074;86.12916485813687;2.7027027027027026
12946.303889074;77.19458265162073;2.7227227227227226
12946.305889074;40.26672349981564;2.7427427427427427
12946.307889074;68.99545264497019;2.7627627627627627
12946.309889074;31.733174863651243;2.7827827827827827
12946.311889074;53.51245931544541;2.8028028028028027
12946.313889074;59.05300559638742;2.8228228228228227
12946.315889074;16.008822181837843;2.8428428428428427
12946.317889074;22.556283302808197;2.8628628628628627
12946.319889074;48.360899235295534;2.8828828828828827
12946.321889074;81.26636265471443;2.9029029029029028
12946.323889074;48.520583833659884;2.9229229229229228
12946.325889074;24.462760413508988;2.942942942942943
12946.327889074;38.92961617940222;2.962962962962963
12946.329889074;15.247447929460108;2.982982982982983
12946.331889074;12.271925170833526;3.003003003003003
12946.333889074;38.82303571006722;3.023023023023023
12946.335889074;57.52614282880968;3.043043043043043
12946.337889074;45.913036020673346;3.063063063063063
12946.339889074;90.49917289161024;3.083083083083083
12946.341889074;34.70411781537929;3.103103103103103
12946.343889074;45.5715175000837;3.123123123123123
12946.345889074;29.3156978909402;3.1431431431431434
12946.347889074;45.1776418021815;3.1631631631631634
12946.349889074;92.2553349781155;3.1831831831831834
12946.351889074;75.70556305255153;3.2032032032032034
12946.353889074;58.09462559269088;3.2232232232232234
12946.355889074;77.16569410661961;3.2432432432432434
12946.357889074;90.6136419194582;3.2632632632632634
12946.359889074;68.6784802721465;3.2832832832832834
12946.361889074;113.55229348115172;3.3033033033033035
12946.363889074;119.89970058217249;3.3233233233233235
12946.365889074;114.47054218358913;3.3433433433433435
12946.367889074;136.6989803905237;3.3633633633633635
12946.369889074;142.51624255353656;3.3833833833833835
12946.371889074;142.99185589738448;3.4034034034034035
12946.373889074;173.25967978270563;3.4234234234234235
12946.375889074;149.5975913733808;3.4434434434434436
12946.377889074;143.10287396493015;3.4634634634634636
12946.379889074;139.2261776242238;3.4834834834834836
12946.381889074;197.5048713830122;3.5035035035035036
12946.383889074;153.16873208843836;3.5235235235235236
12946.385889074;174.05230792329232;3.5435435435435436
12946.387889074;216.07982637833737;3.5635635635635636
12946.389889074;177.63499529615078;3.5835835835835836
12946.391889074;214.42662985279685;3.6036036036036037
12946.393889074;174.8979943882317;3.6236236236236237
12946.395889074;221.67733339453974;3.6436436436436437
12946.397889074;234.2392826134943;3.6636636636636637
12946.399889074;215.15976681472785;3.6836836836836837
12946.401889074;234.47191425217574;3.7037037037037037
12946.403889074;229.7430739203047;3.7237237237237237
12946.405889074;258.62548285029686;3.7437437437437437
12946.407889074;226.56475959190266;3.7637637637637638
12946.409889074;266.5079975227207;3.7837837837837838
12946.411889074;209.70997601829004;3.803803803803804
12946.413889074;249.02128470993603;3.823823823823824
12946.415889074;255.57295969056634;3.843843843843844
12946.417889074;263.4494810069761;3.863863863863864
12946.419889074;239.38318438856575;3.883883883883884
12946.421889074;221.5484809352186;3.903903903903904
12946.423889074;241.23701529668676;3.923923923923924
12946.425889074;246.45414415937535;3.943943943943944
12946.427889074;258.99767334298156;3.963963963963964
12946.429889074;260.7008948140633;3.983983983983984
12946.431889074;230.96245269757617;4.004004004004004
12946.433889074;200.43876509373808;4.024024024024024
12946.435889074;238.40521613343918;4.044044044044044
12946.437889074;217.52405041374126;4.064064064064064
12946.439889074;199.606296100409;4.084084084084084
12946.441889074;184.96865264661935;4.104104104104104
12946.443889074;171.89994143622843;4.124124124124124
12946.445889074;203.9791244982313;4.1441441441441444
12946.447889074;198.21842894201296;4.1641641641641645
12946.449889074;170.08114594958664;4.1841841841841845
12946.451889074;177.71757653632253;4.2042042042042045
12946.453889074;145.78797780939303;4.2242242242242245
12946.455889074;147.87705232551588;4.2442442442442445
12946.457889074;119.89430369903567;4.2642642642642645
12946.459889074;148.96423071766023;4.2842842842842845
12946.461889074;162.550097961601;4.3043043043043046
12946.463889074;173.64273474910655;4.324324324324325
12946.465889074;130.01266261751798;4.344344344344345
12946.467889074;131.92492357123942;4.364364364364365
12946.469889074;149.7654638203773;4.384384384384385
12946.471889074;161.80243209730287;4.404404404404405
12946.473889073999;89.8705167276558;4.424424424424425
12946.475889074;118.07683821862933;4.444444444444445
12946.477889074;130.0400945444205;4.464464464464465
12946.479889074;106.58453224646341;4.484484484484485
12946.481889074;52.187370544610445;4.504504504504505
12946.483889074;94.44397319301034;4.524524524524525
12946.485889074;94.18535369016284;4.544544544544545
12946.487889074;82.93527574287828;4.564564564564565
12946.489889074;86.30997921718598;4.584584584584585
12946.491889074;77.31107254098848;4.604604604604605
12946.493889074;111.75210754517786;4.624624624624625
12946.495889074;108.21012012221543;4.644644644644645
12946.497889074;55.39063352747421;4.664664664664665
12946.499889074;95.38854965683382;4.684684684684685
12946.501889074;127.88547907529136;4.704704704704705
12946.503889074;62.83066054375;4.724724724724725
12946.505889074;115.54253033518572;4.744744744744745
12946.507889074;96.49053159217655;4.764764764764765
12946.509889074;108.38274095754811;4.784784784784785
12946.511889074;83.57884488541897;4.804804804804805
12946.513889074;110.4357540703647;4.824824824824825
12946.515889074;134.501810482885;4.844844844844845
12946.517889074;150.8217894696797;4.864864864864865
12946.519889074;137.34278755349845;4.884884884884885
12946.521889074;154.10350178497086;4.904904904904905
12946.523889074;168.80764609858073;4.924924924924925
12946.525889074;118.26310360522675;4.944944944944945
12946.527889074;129.37546600739074;4.964964964964965
12946.529889074;161.22738792781809;4.984984984984985
12946.531889074;150.81632120864776;5.005005005005005
12946.533889074;192.9923249163382;5.025025025025025
12946.535889074;178.49572262938602;5.045045045045045
12946.537889074;157.86017983374276;5.065065065065065
12946.539889074;219.7880601233903;5.085085085085085
12946.541889074;186.22721982952643;5.105105105105105
12946.543889074;227.23212163058673;5.125125125125125
12946.545889074;218.3632497155953;5.145145145145145
12946.547889074;247.94447315376885;5.165165165165165
12946.549889074;212.3262523041829;5.185185185185185
12946.551889074;215.03284525430857;5.205205205205205
12946.553889074;242.81321240984408;5.225225225225225
12946.555889074;221.70135908312122;5.245245245245245
12946.557889074;270.1655459223575;5.265265265265265
12946.559889074;228.76702334506632;5.285285285285285
12946.561889074;232.4451088660067;5.305305305305305
12946.563889074;245.80450133840176;5.325325325325325
12946.565889074;319.0599425264514;5.345345345345345
12946.567889074;298.7978875968005;5.365365365365365
12946.569889074;262.5449652108906;5.385385385385385
12946.571889074;332.1092848903618;5.405405405405405
12946.573889074;273.4277399889972;5.425425425425425
12946.575889074;287.9481982621016;5.445445445445445
12946.577889074;268.28886696615825;5.465465465465465
12946.579889074;282.5961812590813;5.485485485485485
12946.581889074;302.9323703528802;5.505505505505505
12946.583889074;293.85372586792334;5.525525525525525
12946.585889074;296.0430779853282;5.545545545545545
12946.587889074;289.6580570027712;5.565565565565565
12946.589889074;311.51010917655884;5.585585585585585
12946.591889074;313.59155586154674;5.605605605605605
12946.593889074;345.766202855661;5.625625625625625
12946.595889074;306.5563038265369;5.645645645645645
12946.597889074;312.5205389985325;5.665665665665665
12946.599889074;320.2309811886115;5.685685685685685
12946.601889074;306.92029629996557;5.7057057057057055
12946.603889074;318.424851666895;5.7257257257257255
12946.605889074;281.6196872511118;5.7457457457457455
12946.607889074;260.49666390304344;5.7657657657657655
12946.609889074;270.82261659500756;5.7857857857857855
12946.611889074;244.2417390906092;5.8058058058058055
12946.613889074;281.43234341477086;5.8258258258258255
12946.615889074;287.03704520089406;5.8458458458458455
12946.617889074;287.90773595113563;5.865865865865866
12946.619889074;229.67997829900736;5.885885885885886
12946.621889074;225.58753193244377;5.905905905905906
12946.623889074;246.7537992355666;5.925925925925926
12946.625889074;215.5316377830628;5.945945945945946
12946.627889074;205.52106079116237;5.965965965965966
12946.629889074;169.57158862776467;5.985985985985986
12946.631889074;225.52064597192313;6.006006006006006
12946.633889074;249.64299218014938;6.026026026026026
12946.635889074;232.36072241659855;6.046046046046046
12946.637889074;205.99744121668812;6.066066066066066
12946.639889074;201.42561952165372;6.086086086086086
12946.641889074;194.41725711226684;6.106106106106106
12946.643889074;251.16662243080305;6.126126126126126
12946.645889074;166.54909970084395;6.146146146146146
12946.647889074;211.5860238190175;6.166166166166166
12946.649889074;180.78996738899784;6.186186186186186
12946.651889074;204.1273950390347;6.206206206206206
12946.653889074;192.37249943414622;6.226226226226226
12946.655889074;201.63972673845393;6.246246246246246
12946.657889074;145.36003967181705;6.266266266266267
12946.659889074;196.3432991527681;6.286286286286287
12946.661889074;189.53358769290327;6.306306306306307
12946.663889074;207.79702227306893;6.326326326326327
12946.665889074;176.62091493569574;6.346346346346347
12946.667889074;189.33378591886844;6.366366366366367
12946.669889074;195.84107515935165;6.386386386386387
12946.671889074;189.3056001350736;6.406406406406407
12946.673889074;197.2406352424707;6.426426426426427
12946.675889074;234.7639673585643;6.446446446446447
12946.677889074;188.4855507599125;6.466466466466467
12946.679889074;243.3203836785394;6.486486486486487
12946.681889074;204.32034278808757;6.506506506506507
12946.683889074;256.2624442922165;6.526526526526527
12946.685889074;241.01324768075744;6.546546546546547
12946.687889074;243.54647848847117;6.566566566566567
12946.689889074;287.8270510629151;6.586586586586587
12946.691889074;259.0265421629077;6.606606606606607
12946.693889074;302.55162115479914;6.626626626626627
12946.695889074;294.3605372438743;6.646646646646647
12946.697889074;278.53958998155684;6.666666666666667
12946.699889074;294.41415723197747;6.686686686686687
12946.701889074;319.3955462410985;6.706706706706707
12946.703889074;384.5043654758369;6.726726726726727
12946.705889074;330.1803835383313;6.746746746746747
12946.707889074;332.58455258255077;6.766766766766767
12946.709889074;387.83180791824844;6.786786786786787
12946.711889074;406.21139119864256;6.806806806806807
12946.713889074;378.34016309443194;6.826826826826827
12946.715889074;389.38775205396945;6.846846846846847
12946.717889074;384.2803587373703;6.866866866866867
12946.719889074;404.13888492606384;6.886886886886887
12946.721889074;440.0881403472528;6.906906906906907
12946.723889073999;471.30371555401064;6.926926926926927
12946.725889074;420.9397078101782;6.946946946946947
12946.727889074;456.63457935635375;6.966966966966967
12946.729889074;533.9678638150415;6.986986986986987
12946.731889074;498.5497222551252;7.007007007007007
12946.733889074;517.2325734093469;7.027027027027027
12946.735889074;533.8206551845029;7.047047047047047
12946.737889074;536.6031073239463;7.067067067067067
12946.739889074;548.9448623819586;7.087087087087087
12946.741889074;558.0449846807478;7.107107107107107
12946.743889074;567.8007352792489;7.127127127127127
12946.745889074;570.727433572997;7.147147147147147
12946.747889074;565.5401690188444;7.167167167167167
12946.749889074;561.1133325853823;7.187187187187187
12946.751889074;589.2205383921378;7.207207207207207
12946.753889074;592.4903100360343;7.227227227227227
12946.755889074;571.8742905640773;7.247247247247247
12946.757889074;604.9163361805042;7.267267267267267
12946.759889074;599.4035175707768;7.287287287287287
12946.761889074;615.0887015967224;7.307307307307307
12946.763889074;609.7181672229443;7.327327327327327
12946.765889074;608.3299733797917;7.347347347347347
12946.767889074;600.8245561435587;7.367367367367367
12946.769889074;614.0434823594785;7.387387387387387
12946.771889074;670.3909865548483;7.407407407407407
12946.773889074;640.296278968908;7.4274274274274275
12946.775889074;649.6821386125755;7.4474474474474475
12946.777889074;688.0220410665448;7.4674674674674675
12946.779889074;667.3512459412239;7.4874874874874875
12946.781889074;644.6731071648662;7.5075075075075075
12946.783889074;661.3332069992555;7.5275275275275275
12946.785889074;636.654068468986;7.5475475475475475
12946.787889074;612.8532361863836;7.5675675675675675
12946.789889074;680.8223642836617;7.587587587587588
12946.791889074;669.060542503846;7.607607607607608
12946.793889074;653.2947619646828;7.627627627627628
12946.795889074;660.3059954485582;7.647647647647648
12946.797889074;618.3838291105441;7.667667667667668
12946.799889074;662.5293514867476;7.687687687687688
12946.801889074;634.4134032650742;7.707707707707708
12946.803889074;654.3250248037289;7.727727727727728
12946.805889074;637.0822279831207;7.747747747747748
12946.807889074;657.7724015147652;7.767767767767768
12946.809889074;664.1136565344317;7.787787787787788
12946.811889074;640.1936181207765;7.807807807807808
12946.813889074;692.8674936223441;7.827827827827828
12946.815889074;674.4543762538123;7.847847847847848
12946.817889074;676.7887366603944;7.867867867867868
12946.819889074;652.5615856355225;7.887887887887888
12946.821889074;657.8797154768816;7.907907907907908
12946.823889074;660.0479197562829;7.927927927927928
12946.825889074;722.9197685918542;7.947947947947948
12946.827889074;739.0193575841798;7.967967967967968
12946.829889074;710.1628685689393;7.987987987987988
12946.831889074;744.3821281181885;8.008008008008009
12946.833889074;726.5987582202961;8.028028028028029
12946.835889074;708.218960743657;8.048048048048049
12946.837889074;727.393819701792;8.068068068068069
12946.839889074;722.5763487836238;8.088088088088089
12946.841889074;770.9302954516766;8.108108108108109
12946.843889074;768.8391562408693;8.128128128128129
12946.845889074;748.0285552527864;8.148148148148149
12946.847889074;821.6593306271416;8.168168168168169
12946.849889074;799.6984857114674;8.188188188188189
12946.851889074;876.2698287428683;8.208208208208209
12946.853889074;848.13890106674;8.228228228228229
12946.855889074;791.4014511091158;8.248248248248249
12946.857889074;849.1098674877211;8.268268268268269
12946.859889074;865.3428093046458;8.288288288288289
12946.861889074;911.9527543416644;8.308308308308309
12946.863889074;873.4263965528617;8.328328328328329
12946.865889074;901.9882819383103;8.348348348348349
12946.867889074;915.9876401742199;8.368368368368369
12946.869889074;909.8630081822024;8.388388388388389
12946.871889074;873.9320801272758;8.408408408408409
12946.873889074;940.0835724024289;8.428428428428429
12946.875889074;940.815514147167;8.448448448448449
12946.877889074;967.0748036970809;8.468468468468469
12946.879889074;1015.5091261885934;8.488488488488489
12946.881889074;1047.7598164468764;8.508508508508509
12946.883889074;991.1091810496915;8.528528528528529
12946.885889074;1062.5459479490296;8.548548548548549
12946.887889074;1006.2340253403801;8.568568568568569
12946.889889074;1087.2411072374941;8.588588588588589
12946.891889074;1101.1646413620276;8.608608608608609
12946.893889074;1118.006509310445;8.62862862862863
12946.895889074;1175.35191599782;8.64864864864865
12946.897889074;1109.548575445165;8.66866866866867
12946.899889074;1128.630028794281;8.68868868868869
12946.901889074;1190.0675792542515;8.70870870870871
12946.903889074;1181.5659483946715;8.72872872872873
12946.905889074;1242.1993642273446;8.74874874874875
12946.907889074;1200.962300298822;8.76876876876877
12946.909889074;1232.570635681746;8.78878878878879
12946.911889074;1230.602139166907;8.80880880880881
12946.913889074;1269.0932142347376;8.82882882882883
12946.915889074;1301.1914285493162;8.84884884884885
12946.917889074;1296.3963088814326;8.86886886886887
12946.919889074;1254.247250429881;8.88888888888889
12946.921889074;1244.4711839347663;8.90890890890891
12946.923889074;1284.1528829593585;8.92892892892893
12946.925889074;1347.3145160073398;8.94894894894895
12946.927889074;1349.4946658257295;8.96896896896897
12946.929889074;1322.2710708038876;8.98898898898899
12946.931889074;1283.1411511573922;9.00900900900901
12946.933889074;1343.0866728012936;9.02902902902903
12946.935889074;1336.219921202957;9.04904904904905
12946.937889074;1350.2432050243576;9.06906906906907
12946.939889074;1353.2620551411023;9.08908908908909
12946.941889074;1383.376898282064;9.10910910910911
12946.943889074;1359.933358529426;9.12912912912913
12946.945889074;1358.0709741991684;9.14914914914915
12946.947889074;1306.0568116374611;9.16916916916917
12946.949889074;1321.1614970381602;9.18918918918919
12946.951889074;1434.7469500952059;9.20920920920921
12946.953889074;1429.5929737343033;9.22922922922923
12946.955889074;1309.1790538119515;9.24924924924925
12946.957889074;1393.823937726365;9.26926926926927
12946.959889074;1423.074026890685;9.28928928928929
12946.961889074;1446.3362271792105;9.30930930930931
12946.963889074;1424.3065931237347;9.32932932932933
12946.965889074;1429.820752785988;9.34934934934935
12946.967889074;1432.2677134853966;9.36936936936937
12946.969889074;1412.5105593606083;9.38938938938939
12946.971889074;1459.2261618665361;9.40940940940941
12946.973889073999;1396.3761135674165;9.42942942942943
12946.975889074;1454.8089771029506;9.44944944944945
12946.977889074;1472.8741577400797;9.46946946946947
12946.979889074;1386.1192860493838;9.48948948948949
12946.981889074;1430.5188510071525;9.50950950950951
12946.983889074;1462.054041037527;9.52952952952953
12946.985889074;1448.6511509629636;9.54954954954955
12946.987889074;1421.4138177618013;9.56956956956957
12946.989889074;1496.1621742086413;9.58958958958959
12946.991889074;1503.4535407797343;9.60960960960961
12946.993889074;1526.0556824283494;9.62962962962963
12946.995889074;1481.4787109224117;9.64964964964965
12946.997889074;1469.695385283288;9.66966966966967
12946.999889074;1552.2210604387594;9.68968968968969
12947.001889074;1524.9330154347924;9.70970970970971
12947.003889074;1563.5588812728508;9.72972972972973
12947.005889074;1518.1982552246695;9.74974974974975
12947.007889074;1612.721391007754;9.76976976976977
12947.009889074;1537.2360936389841;9.78978978978979
12947.011889074;1556.4099093335747;9.80980980980981
12947.013889074;1639.889946873046;9.82982982982983
12947.015889074;1543.2715778613278;9.84984984984985
12947.017889074;1639.2489967094175;9.86986986986987
12947.019889074;1613.077048111752;9.88988988988989
12947.021889074;1654.252722336053;9.90990990990991
12947.023889074;1697.9254692125785;9.92992992992993
12947.025889074;1588.593600024405;9.94994994994995
12947.027889074;1633.5149300339356;9.96996996996997
12947.029889074;1675.0253837943965;9.98998998998999
12947.031889074;1699.8710499173312;10.01001001001001
12947.033889074;1765.324463404513;10.03003003003003
12947.035889074;1743.39105569686;10.05005005005005
12947.037889074;1813.2717895813;10.07007007007007
12947.039889074;1805.8486148217514;10.09009009009009
12947.041889074;1770.1922649526323;10.11011011011011
12947.043889074;1819.4747939967588;10.13013013013013
12947.045889074;1821.5725535040615;10.15015015015015
12947.047889074;1800.0035982212673;10.17017017017017
12947.049889074;1887.998943651087;10.19019019019019
12947.051889074;1910.7363704482057;10.21021021021021
12947.053889074;1857.6108343840344;10.23023023023023
12947.055889074;1933.1747271703343;10.25025025025025
12947.057889074;1925.594489164785;10.27027027027027
12947.059889074;1958.1001142856744;10.29029029029029
12947.061889074;1985.471617225693;10.31031031031031
12947.063889074;1955.8174356192344;10.33033033033033
12947.065889074;2016.3318709315913;10.35035035035035
12947.067889074;2033.1570273381274;10.37037037037037
12947.069889074;2027.9356183933055;10.39039039039039
12947.071889074;2060.256143177649;10.41041041041041
12947.073889074;2041.176128400202;10.43043043043043
12947.075889074;2101.9301641470183;10.45045045045045
12947.077889074;2117.538773626705;10.47047047047047
12947.079889074;2155.5999494786383;10.49049049049049
12947.081889074;2180.0490223750635;10.51051051051051
12947.083889074;2191.9840473182653;10.53053053053053
12947.085889074;2156.6176452426353;10.55055055055055
12947.087889074;2142.870771372292;10.57057057057057
12947.089889074;2193.813949146157;10.59059059059059
12947.091889074;2162.6211951447385;10.61061061061061
12947.093889074;2204.3961800045126;10.63063063063063
12947.095889074;2190.9150381981503;10.65065065065065
12947.097889074;2237.8098490459824;10.67067067067067
12947.099889074;2330.0212117067704;10.69069069069069
12947.101889074;2290.649796419805;10.71071071071071
12947.103889074;2300.4824626527984;10.73073073073073
12947.105889074;2242.8382772019854;10.75075075075075
12947.107889074;2303.642110136702;10.77077077077077
12947.109889074;2339.8885603682993;10.79079079079079
12947.111889074;2324.108472934159;10.81081081081081
12947.113889074;2366.330171039487;10.83083083083083
12947.115889074;2302.1540885261265;10.85085085085085
12947.117889074;2288.6314677211312;10.87087087087087
12947.119889074;2319.0953608920618;10.89089089089089
12947.121889074;2289.311684306722;10.91091091091091
12947.123889074;2310.3289822572956;10.93093093093093
12947.125889074;2398.196248038532;10.95095095095095
12947.127889074;2425.31525574557;10.97097097097097
12947.129889074;2338.157077111127;10.99099099099099
12947.131889074;2377.901231019823;11.01101101101101
12947.133889074;2438.0270679877235;11.03103103103103
12947.135889074;2394.953125740087;11.05105105105105
12947.137889074;2399.401995729763;11.07107107107107
12947.139889074;2361.932252711044;11.09109109109109
12947.141889074;2388.7719424461534;11.11111111111111
12947.143889074;2430.122528982631;11.13113113113113
12947.145889074;2403.5283805890203;11.15115115115115
12947.147889074;2434.301566285894;11.17117117117117
12947.149889074;2398.0433822888995;11.19119119119119
12947.151889074;2538.1861121879047;11.21121121121121
12947.153889074;2470.6042560742612;11.23123123123123
12947.155889074;2460.140264852216;11.25125125125125
12947.157889074;2444.7819347637546;11.27127127127127
12947.159889074;2465.0192355417203;11.29129129129129
12947.161889074;2474.1299296287525;11.31131131131131
12947.163889074;2509.243266652419;11.33133133133133
12947.165889074;2506.882102682109;11.35135135135135
12947.167889074;2540.3475868661535;11.37137137137137
12947.169889074;2465.798624346132;11.391391391391391
12947.171889074;2441.18191905958;11.411411411411411
12947.173889074;2551.397124862505;11.431431431431431
12947.175889074;2543.8842329338577;11.451451451451451
12947.177889074;2559.24517055093;11.471471471471471
12947.179889074;2590.3476917347907;11.491491491491491
12947.181889074;2516.2079049545773;11.511511511511511
12947.183889074;2588.5737217793685;11.531531531531531
12947.185889074;2592.8676332693553;11.551551551551551
12947.187889074;2659.942495736156;11.571571571571571
12947.189889074;2663.242756184865;11.591591591591591
12947.191889074;2708.744602403183;11.611611611611611
12947.193889074;2762.520179943386;11.631631631631631
12947.195889074;2708.1621027177925;11.651651651651651
12947.197889074;2676.8665555481425;11.671671671671671
12947.199889074;2755.579087823348;11.691691691691691
12947.201889074;2742.8344942393574;11.711711711711711
12947.203889074;2737.7854483687283;11.731731731731731
12947.205889074;2834.6884890974566;11.751751751751751
12947.207889074;2815.2728703273124;11.771771771771771
12947.209889074;2827.752476055744;11.791791791791791
12947.211889074;2797.7470201229567;11.811811811811811
12947.213889074;2874.2922565003923;11.831831831831831
12947.215889074;2899.302234024699;11.851851851851851
12947.217889074;2848.591978404365;11.871871871871871
12947.219889074;2969.884478995179;11.891891891891891
12947.221889074;2991.179421335709;11.911911911911911
12947.223889073999;3012.22215992751;11.931931931931931
12947.225889074;3035.017371198751;11.951951951951951
12947.227889074;3049.630726147699;11.971971971971971
12947.229889074;2996.8234262191563;11.991991991991991
12947.231889074;3107.4345784502602;12.012012012012011
12947.233889074;3012.118785338044;12.032032032032031
12947.235889074;3057.105556811621;12.052052052052051
12947.237889074;3043.8455584787403;12.072072072072071
12947.239889074;3090.1051358637665;12.092092092092091
12947.241889074;3075.326314415406;12.112112112112111
12947.243889074;3198.435738196029;12.132132132132131
12947.245889074;3172.3247406607757;12.152152152152151
12947.247889074;3177.5746581597155;12.172172172172171
12947.249889074;3264.4730514076946;12.192192192192191
12947.251889074;3308.8833775368385;12.212212212212211
12947.253889074;3223.3976969856312;12.232232232232231
12947.255889074;3219.5377986983876;12.252252252252251
12947.257889074;3242.8025880131504;12.272272272272271
12947.259889074;3217.1774047687204;12.292292292292291
12947.261889074;3241.181979475212;12.312312312312311
12947.263889074;3226.0782179170483;12.332332332332332
12947.265889074;3392.354675737887;12.352352352352352
12947.267889074;3277.90766147127;12.372372372372372
12947.269889074;3349.2073363513214;12.392392392392392
12947.271889074;3407.321171299622;12.412412412412412
12947.273889074;3316.431541571122;12.432432432432432
12947.275889074;3421.682851708819;12.452452452452452
12947.277889074;3447.8191330895006;12.472472472472472
12947.279889074;3390.4068375593083;12.492492492492492
12947.281889074;3358.1683613057294;12.512512512512513
12947.283889074;3496.3314389665215;12.532532532532533
12947.285889074;3484.6978841166556;12.552552552552553
12947.287889074;3429.465249363078;12.572572572572573
12947.289889074;3501.895279542779;12.592592592592593
12947.291889074;3419.869298392059;12.612612612612613
12947.293889074;3555.005919220351;12.632632632632633
12947.295889074;3469.957076925423;12.652652652652653
12947.297889074;3450.5882291942467;12.672672672672673
12947.299889074;3440.5239185556006;12.692692692692694
12947.301889074;3421.5917633620948;12.712712712712714
12947.303889074;3573.296141971291;12.732732732732734
12947.305889074;3537.9627365005163;12.752752752752754
12947.307889074;3489.90728691421;12.772772772772774
12947.309889074;3446.3110698098326;12.792792792792794
12947.311889074;3480.647935356933;12.812812812812814
12947.313889074;3507.3534654459313;12.832832832832834
12947.315889074;3616.0314374118757;12.852852852852854
12947.317889074;3620.9459960623926;12.872872872872874
12947.319889074;3443.6978686027333;12.892892892892894
12947.321889074;3535.734578641356;12.912912912912914
12947.323889074;3589.0060944232455;12.932932932932934
12947.325889074;3686.072424504162;12.952952952952954
12947.327889074;3547.737214456882;12.972972972972974
12947.329889074;3720.142044324509;12.992992992992994
12947.331889074;3580.608159995075;13.013013013013014
12947.333889074;3594.0987719871405;13.033033033033034
12947.335889074;3657.5353598459806;13.053053053053054
12947.337889074;3681.9113809076457;13.073073073073074
12947.339889074;3684.0082817516404;13.093093093093094
12947.341889074;3702.9537217962566;13.113113113113114
12947.343889074;3630.3676325994643;13.133133133133134
12947.345889074;3689.6453071476353;13.153153153153154
12947.347889074;3797.2671720069734;13.173173173173174
12947.349889074;3726.201130453151;13.193193193193194
12947.351889074;3695.9377138784466;13.213213213213214
12947.353889074;3794.5383317432193;13.233233233233234
12947.355889074;3799.54590664978;13.253253253253254
12947.357889074;3729.6318090510313;13.273273273273274
12947.359889074;3846.767852042152;13.293293293293294
12947.361889074;3764.755086816938;13.313313313313314
12947.363889074;3869.1031345576835;13.333333333333334
12947.365889074;3863.1051957298105;13.353353353353354
12947.367889074;3884.077540343754;13.373373373373374
12947.369889074;3890.8881491266643;13.393393393393394
12947.371889074;3898.4739162160486;13.413413413413414
12947.373889074;3897.029471429495;13.433433433433434
12947.375889074;4065.892564578198;13.453453453453454
12947.377889074;3984.928183248865;13.473473473473474
12947.379889074;4048.7984979829434;13.493493493493494
12947.381889074;4118.079195843883;13.513513513513514
12947.383889074;3943.9661980152605;13.533533533533534
12947.385889074;3977.7292806081978;13.553553553553554
12947.387889074;3989.0371453475914;13.573573573573574
12947.389889074;4073.4467474761173;13.593593593593594
12947.391889074;4208.558572579833;13.613613613613614
12947.393889074;4260.226208999413;13.633633633633634
12947.395889074;4146.622230506417;13.653653653653654
12947.397889074;4184.488090739572;13.673673673673674
12947.399889074;4210.249109866857;13.693693693693694
12947.401889074;4167.664234196391;13.713713713713714
12947.403889074;4284.491709412023;13.733733733733734
12947.405889074;4277.799385654772;13.753753753753754
12947.407889074;4281.862372446057;13.773773773773774
12947.409889074;4235.857618868798;13.793793793793794
12947.411889074;4321.28436966975;13.813813813813814
12947.413889074;4281.382351141848;13.833833833833834
12947.415889074;4560.189358943852;13.853853853853854
12947.417889074;4353.172455747639;13.873873873873874
12947.419889074;4363.145980057823;13.893893893893894
12947.421889074;4487.955789655129;13.913913913913914
12947.423889074;4429.457176024557;13.933933933933934
12947.425889074;4435.218846224581;13.953953953953954
12947.427889074;4542.11426679181;13.973973973973974
12947.429889074;4534.676072449609;13.993993993993994
12947.431889074;4545.467032748143;14.014014014014014
12947.433889074;4554.63011169275;14.034034034034034
12947.435889074;4628.9711969356595;14.054054054054054
12947.437889074;4521.120372795014;14.074074074074074
12947.439889074;4565.625213652023;14.094094094094094
12947.441889074;4781.020450229109;14.114114114114114
12947.443889074;4584.863396476413;14.134134134134134
12947.445889074;4586.076301335105;14.154154154154154
12947.447889074;4660.561116736253;14.174174174174174
12947.449889074;4570.792287190518;14.194194194194194
12947.451889074;4839.88143185618;14.214214214214214
12947.453889074;4686.35945773506;14.234234234234235
12947.455889074;4798.814586620367;14.254254254254255
12947.457889074;4649.986015515188;14.274274274274275
12947.459889074;4849.87818371061;14.294294294294295
12947.461889074;4723.63503781983;14.314314314314315
12947.463889074;4915.590524698926;14.334334334334335
12947.465889074;4927.34503670569;14.354354354354355
12947.467889074;4848.518033790831;14.374374374374375
12947.469889074;4809.856294214568;14.394394394394395
12947.471889074;4903.7284596168065;14.414414414414415
12947.473889073999;4955.25715453878;14.434434434434435
12947.475889074;4860.170287457339;14.454454454454455
12947.477889074;5007.000886032883;14.474474474474475
12947.479889074;5000.50104887107;14.494494494494495
12947.481889074;5048.107913576997;14.514514514514515
12947.483889074;4932.659960485236;14.534534534534535
12947.485889074;5011.42221067014;14.554554554554555
12947.487889074;5064.500635962144;14.574574574574575
12947.489889074;5069.832547116622;14.594594594594595
12947.491889074;5193.4692828821435;14.614614614614615
12947.493889074;5117.48774359334;14.634634634634635
12947.495889074;5209.972578793363;14.654654654654655
12947.497889074;5220.828462047543;14.674674674674675
12947.499889074;5219.576419579785;14.694694694694695
12947.501889074;5187.7508964960125;14.714714714714715
12947.503889074;5180.035208321632;14.734734734734735
12947.505889074;5239.6815274332575;14.754754754754755
12947.507889074;5355.51626740047;14.774774774774775
12947.509889074;5378.308321972819;14.794794794794795
12947.511889074;5384.015818388584;14.814814814814815
12947.513889074;5358.219792167394;14.834834834834835
12947.515889074;5292.404792978123;14.854854854854855
12947.517889074;5357.648753302236;14.874874874874875
12947.519889074;5454.061287674736;14.894894894894895
12947.521889074;5413.106458876812;14.914914914914915
12947.523889074;5612.869905474756;14.934934934934935
12947.525889074;5581.591187606765;14.954954954954955
12947.527889074;5566.921052766616;14.974974974974975
12947.529889074;5472.182804836493;14.994994994994995
12947.531889074;5612.595156403257;15.015015015015015
12947.533889074;5718.858790404156;15.035035035035035
12947.535889074;5668.789018496478;15.055055055055055
12947.537889074;5737.042012490023;15.075075075075075
12947.539889074;5957.455622258891;15.095095095095095
12947.541889074;5781.332244760297;15.115115115115115
12947.543889074;5841.814206093246;15.135135135135135
12947.545889074;5731.913255789065;15.155155155155155
12947.547889074;5812.925546980639;15.175175175175175
12947.549889074;6025.486484994202;15.195195195195195
12947.551889074;5928.01247759271;15.215215215215215
12947.553889074;6102.125032984656;15.235235235235235
12947.555889074;6027.8105517517315;15.255255255255255
12947.557889074;6129.954349487343;15.275275275275275
12947.559889074;6071.9528571318815;15.295295295295295
12947.561889074;6080.3900616936435;15.315315315315315
12947.563889074;6235.097804120616;15.335335335335335
12947.565889074;6456.075470534685;15.355355355355355
12947.567889074;6233.921018682393;15.375375375375375
12947.569889074;6358.70902235389;15.395395395395395
12947.571889074;6436.541756488922;15.415415415415415
12947.573889074;6407.87483139259;15.435435435435435
12947.575889074;6602.323651792645;15.455455455455455
12947.577889074;6544.710078211108;15.475475475475475
12947.579889074;6589.192405110178;15.495495495495495
12947.581889074;6665.279229360078;15.515515515515515
12947.583889074;6634.505904892002;15.535535535535535
12947.585889074;6486.270930480623;15.555555555555555
12947.587889074;6697.19893656403;15.575575575575575
12947.589889074;6762.0804610562345;15.595595595595595
12947.591889074;6762.447896996056;15.615615615615615
12947.593889074;6692.495866540319;15.635635635635635
12947.595889074;6820.989813267055;15.655655655655655
12947.597889074;6797.093821837811;15.675675675675675
12947.599889074;6805.686151096717;15.695695695695695
12947.601889074;7002.392328262302;15.715715715715715
12947.603889074;6900.938766935376;15.735735735735735
12947.605889074;6886.299788384395;15.755755755755755
12947.607889074;7154.067223223154;15.775775775775776
12947.609889074;7039.461214417946;15.795795795795796
12947.611889074;7102.339750193514;15.815815815815816
12947.613889074;7019.0741826348085;15.835835835835836
12947.615889074;7198.135302587511;15.855855855855856
12947.617889074;7069.989762671554;15.875875875875876
12947.619889074;7069.689124807604;15.895895895895896
12947.621889074;7285.277114693958;15.915915915915916
12947.623889074;7193.334867271768;15.935935935935936
12947.625889074;7385.505874402732;15.955955955955956
12947.627889074;7376.664872328953;15.975975975975976
12947.629889074;7377.547619843327;15.995995995995996
12947.631889074;7280.615250112644;16.016016016016017
12947.633889074;7492.760295129024;16.036036036036037
12947.635889074;7490.95924264622;16.056056056056057
12947.637889074;7415.173236494315;16.076076076076077
12947.639889074;7585.850125708987;16.096096096096097
12947.641889074;7548.785946662153;16.116116116116117
12947.643889074;7619.054306061484;16.136136136136138
12947.645889074;7487.149962787117;16.156156156156158
12947.647889074;7450.560116959584;16.176176176176178
12947.649889074;7641.549079360337;16.196196196196198
12947.651889074;7736.978043957304;16.216216216216218
12947.653889074;7698.447844925893;16.236236236236238
12947.655889074;7847.082204582014;16.256256256256258
12947.657889074;7907.030580571275;16.276276276276278
12947.659889074;7729.346772429834;16.296296296296298
12947.661889074;8000.920987239439;16.316316316316318
12947.663889074;7798.687230702092;16.336336336336338
12947.665889074;7652.5748614561235;16.356356356356358
12947.667889074;7923.660136416335;16.376376376376378
12947.669889074;7930.949390689023;16.396396396396398
12947.671889074;7939.196441134255;16.416416416416418
12947.673889074;8044.489985005889;16.436436436436438
12947.675889074;7978.698533326889;16.456456456456458
12947.677889074;8193.767919250007;16.476476476476478
12947.679889074;8067.1501474152155;16.496496496496498
12947.681889074;8256.78106704958;16.516516516516518
12947.683889074;8301.583154232667;16.536536536536538
12947.685889074;8292.55225238415;16.556556556556558
12947.687889074;8231.150824690043;16.576576576576578
12947.689889074;8446.094951553414;16.596596596596598
12947.691889074;8246.496326920753;16.616616616616618
12947.693889074;8363.9446172415;16.636636636636638
12947.695889074;8208.670691558038;16.656656656656658
12947.697889074;8505.096451631167;16.676676676676678
12947.699889074;8484.445960909514;16.696696696696698
12947.701889074;8573.610809851049;16.716716716716718
12947.703889074;8592.252443668296;16.736736736736738
12947.705889074;8436.168538149534;16.756756756756758
12947.707889074;8769.592588082256;16.776776776776778
12947.709889074;8338.727224205448;16.796796796796798
12947.711889074;8674.986551246773;16.816816816816818
12947.713889074;8891.005211705437;16.836836836836838
12947.715889074;8837.82535250156;16.856856856856858
12947.717889074;8807.948712795987;16.876876876876878
12947.719889074;8852.712213484756;16.896896896896898
12947.721889074;8987.550168103015;16.916916916916918
12947.723889073999;8973.47387813334;16.936936936936938
12947.725889074;8926.788591123057;16.956956956956958
12947.727889074;9085.410134172293;16.976976976976978
12947.729889074;9105.802003916182;16.996996996996998
12947.731889074;9260.400746156474;17.017017017017018
12947.733889074;8997.022857835338;17.037037037037038
12947.735889074;9507.775604841583;17.057057057057058
12947.737889074;9081.495193882243;17.077077077077078
12947.739889074;9216.6220189569;17.097097097097098
12947.741889074;9413.777971229301;17.117117117117118
12947.743889074;9205.949105636399;17.137137137137138
12947.745889074;9465.24653850876;17.157157157157158
12947.747889074;9562.347071972268;17.177177177177178
12947.749889074;9444.126342862995;17.197197197197198
12947.751889074;9537.223237695684;17.217217217217218
12947.753889074;9549.190048422812;17.237237237237238
12947.755889074;9827.788357003936;17.25725725725726
12947.757889074;9577.475660268114;17.27727727727728
12947.759889074;9782.314054491872;17.2972972972973
12947.761889074;9926.296570631195;17.31731731731732
12947.763889074;9992.275797265409;17.33733733733734
12947.765889074;10003.47641034736;17.35735735735736
12947.767889074;9884.592962008976;17.37737737737738
12947.769889074;10039.517757734598;17.3973973973974
12947.771889074;9861.006914462962;17.41741741741742
12947.773889074;9955.529663919127;17.43743743743744
12947.775889074;9848.541242208034;17.45745745745746
12947.777889074;10131.927943764904;17.47747747747748
12947.779889074;10291.899802370457;17.4974974974975
12947.781889074;10218.29019313018;17.51751751751752
12947.783889074;10160.587283952358;17.53753753753754
12947.785889074;10321.889663925827;17.55755755755756
12947.787889074;10301.788250813135;17.57757757757758
12947.789889074;10240.222261407745;17.5975975975976
12947.791889074;10341.872900536155;17.61761761761762
12947.793889074;10280.996912646142;17.63763763763764
12947.795889074;10243.813186211162;17.65765765765766
12947.797889074;10403.113449490362;17.67767767767768
12947.799889074;10621.88569765079;17.6976976976977
12947.801889074;10531.96176022142;17.71771771771772
12947.803889074;10807.741692564792;17.73773773773774
12947.805889074;10714.502343151924;17.75775775775776
12947.807889074;10709.079104409038;17.77777777777778
12947.809889074;10628.7046022782;17.7977977977978
12947.811889074;10574.290307999794;17.81781781781782
12947.813889074;10800.008780677605;17.83783783783784
12947.815889074;10671.313310980695;17.85785785785786
12947.817889074;10848.429404899385;17.87787787787788
12947.819889074;10853.490167233622;17.8978978978979
12947.821889074;10956.458465181267;17.91791791791792
12947.823889074;11098.154804419522;17.93793793793794
12947.825889074;11075.72206128428;17.95795795795796
12947.827889074;11084.336449802464;17.97797797797798
12947.829889074;11177.635471259287;17.997997997998
12947.831889074;11216.146285538018;18.01801801801802
12947.833889074;11062.399215530024;18.03803803803804
12947.835889074;11152.736249963618;18.05805805805806
12947.837889074;11155.985200085252;18.07807807807808
12947.839889074;11153.796593125466;18.0980980980981
12947.841889074;11137.17048292444;18.11811811811812
12947.843889074;11288.719150571811;18.13813813813814
12947.845889074;11227.1122992777;18.15815815815816
12947.847889074;11378.605936565988;18.17817817817818
12947.849889074;11425.051234473016;18.1981981981982
12947.851889074;11214.109188722054;18.21821821821822
12947.853889074;11402.804117680727;18.23823823823824
12947.855889074;11312.636201468518;18.25825825825826
12947.857889074;11603.316615709882;18.27827827827828
12947.859889074;11505.991013491514;18.2982982982983
12947.861889074;11544.396721297573;18.31831831831832
12947.863889074;11243.966474448214;18.33833833833834
12947.865889074;11680.394966241245;18.35835835835836
12947.867889074;11805.057186447568;18.37837837837838
12947.869889074;11496.977435915387;18.3983983983984
12947.871889074;11668.544756447525;18.41841841841842
12947.873889074;11764.939672328153;18.43843843843844
12947.875889074;11838.288505334924;18.45845845845846
12947.877889074;11571.117717656165;18.47847847847848
12947.879889074;11769.356805598512;18.4984984984985
12947.881889074;11633.588612615133;18.51851851851852
12947.883889074;11667.201778945573;18.53853853853854
12947.885889074;12014.813544055018;18.55855855855856
12947.887889074;11819.677129245307;18.57857857857858
12947.889889074;11809.244199358318;18.5985985985986
12947.891889074;12033.46164448823;18.61861861861862
12947.893889074;11763.662328257597;18.63863863863864
12947.895889074;11811.568670266959;18.65865865865866
12947.897889074;11770.901837852107;18.67867867867868
12947.899889074;12178.218224035665;18.6986986986987
12947.901889074;12003.55717959328;18.71871871871872
12947.903889074;12290.924861054837;18.73873873873874
12947.905889074;12008.334827385355;18.75875875875876
12947.907889074;12032.133605367479;18.77877877877878
12947.909889074;12060.591046765494;18.7987987987988
12947.911889074;12137.546721184344;18.81881881881882
12947.913889074;12480.817557437022;18.83883883883884
12947.915889074;12333.992950007332;18.85885885885886
12947.917889074;12192.808393653133;18.87887887887888
12947.919889074;12366.70596734792;18.8988988988989
12947.921889074;12287.695792969718;18.91891891891892
12947.923889074;12309.68151119242;18.93893893893894
12947.925889074;12303.871303408281;18.95895895895896
12947.927889074;12381.906306799712;18.97897897897898
12947.929889074;12157.173914965986;18.998998998999
12947.931889074;12583.392607085672;19.01901901901902
12947.933889074;12252.065036033955;19.03903903903904
12947.935889074;12287.575846370353;19.05905905905906
12947.937889074;12424.449304681882;19.07907907907908
12947.939889074;12714.890419924603;19.0990990990991
12947.941889074;12533.689916485298;19.11911911911912
12947.943889074;12750.0;19.13913913913914
12947.945889074;12544.904092849963;19.15915915915916
12947.947889074;12750.0;19.17917917917918
12947.949889074;12366.119942333877;19.1991991991992
12947.951889074;12678.436519098941;19.21921921921922
12947.953889074;12750.0;19.23923923923924
12947.955889074;12750.0;19.25925925925926
12947.957889074;12581.779706079866;19.27927927927928
12947.959889074;12621.945903173892;19.2992992992993
12947.961889074;12750.0;19.31931931931932
12947.963889074;12579.489526970694;19.33933933933934
12947.965889074;12748.355662055887;19.35935935935936
12947.967889074;12691.835483727074;19.37937937937938
12947.969889074;12650.832689046023;19.3993993993994
12947.971889074;12750.0;19.41941941941942
12947.973889073999;12656.120394422349;19.43943943943944
12947.975889074;12488.292801978829;19.45945945945946
12947.977889074;12593.600523166146;19.47947947947948
12947.979889074;12620.861233278996;19.4994994994995
12947.981889074;12617.959163419551;19.51951951951952
12947.983889074;12426.633227588736;19.53953953953954
12947.985889074;12544.808413881194;19.55955955955956
12947.987889074;12564.440420036644;19.57957957957958
12947.989889074;12446.061491624292;19.5995995995996
12947.991889074;12210.539343782175;19.61961961961962
12947.993889074;12456.81952813226;19.63963963963964
12947.995889074;12050.802702938077;19.65965965965966
12947.997889074;12221.137960043452;19.67967967967968
12947.999889074;12128.363857534205;19.6996996996997
12948.001889074;12152.604938207613;19.71971971971972
12948.003889074;12185.076527876401;19.73973973973974
12948.005889074;12211.523931311238;19.75975975975976
12948.007889074;12028.92238965709;19.77977977977978
12948.009889074;11992.012076102483;19.7997997997998
12948.011889074;12007.247398254602;19.81981981981982
12948.013889074;11892.075839626492;19.83983983983984
12948.015889074;11891.721964384624;19.85985985985986
12948.017889074;11810.86377476085;19.87987987987988
12948.019889074;11747.379331733937;19.8998998998999
12948.021889074;11712.009047930049;19.91991991991992
12948.023889074;11587.27630813253;19.93993993993994
12948.025889074;11955.407911760642;19.95995995995996
12948.027889074;11695.18978905809;19.97997997997998
12948.029889074;11511.57005526905;20.0
